data;horario;n_da_ocorrencia;tipo_de_ocorrencia;km;trecho;sentido;tipo_de_acidente;automovel;bicicleta;caminhao;moto;onibus;outros;tracao_animal;transporte_de_cargas_especiais;trator_maquinas;utilitarios;ilesos;levemente_feridos;moderadamente_feridos;gravemente_feridos;mortos
"22/10/2025";"09:14:00";"124";"Sem vítima";"95,759";"BR-040/MG";"Crescente";"Colisão frontal";2;0;0;0;0;0;0;0;0;0;0;0;0;0;0
"22/10/2025";"11:50:00";"158";"Sem vítima";"452,192";"BR-040/MG";"Decrescente";"Tombamento";0;0;0;0;0;0;0;0;0;0;0;0;0;0;0
"22/10/2025";"16:54:00";"204";"Sem vítima";"369,300";"BR-040/MG";"Decrescente";"Colisão traseira";0;0;0;0;0;0;0;0;0;0;0;0;0;0;0
"22/10/2025";"17:39:00";"210";"Sem vítima";"526,200";"BR-040/MG";"Decrescente";"Colisão lateral no mesmo sentido";0;0;0;0;0;0;0;0;0;0;0;0;0;0;0
"22/10/2025";"18:42:00";"216";"Sem vítima";"507,500";"BR-040/MG";"Crescente";"Colisão traseira";0;0;0;0;0;0;0;0;0;0;0;0;0;0;0
"23/10/2025";"00:00:00";"261";"Com vítima";"415,200";"BR-040/MG";"Crescente";"Colisão lateral no mesmo sentido";0;0;0;0;0;0;0;0;0;0;0;0;0;0;0
"23/10/2025";"00:26:00";"4";"Com vítima";"482,950";"BR-040/MG";"Crescente";"Atropelamento de animal";0;0;0;0;0;0;0;0;0;0;0;0;0;0;0
"23/10/2025";"07:21:00";"93";"Com vítima";"531,630";"BR-040/MG";"Crescente";"Colisão traseira";0;0;0;0;0;0;0;0;0;0;0;0;0;0;0
"23/10/2025";"09:30:00";"127";"Sem vítima";"302,800";"BR-040/MG";"Decrescente";"Colisão lateral no mesmo sentido";0;0;0;0;0;0;0;0;0;0;0;0;0;0;0
"23/10/2025";"11:20:00";"147";"Sem vítima";"519,341";"BR-040/MG";"Crescente";"Colisão lateral no mesmo sentido";0;0;0;0;0;0;0;0;0;0;0;0;0;0;0
"23/10/2025";"19:30:00";"236";"Sem vítima";"214,500";"BR-040/MG";"Crescente";"Colisão traseira";0;0;0;0;0;0;0;0;0;0;0;0;0;0;0
"24/10/2025";"00:00:00";"235";"Com vítima";"103,496";"BR-040/GO";"Decrescente";"Tombamento";0;0;0;0;0;0;0;0;0;0;0;0;0;0;0
"24/10/2025";"06:59:00";"64";"Com vítima";"525,300";"BR-040/MG";"Crescente";"Colisão traseira";0;0;0;0;0;0;0;0;0;0;0;0;0;0;0
"24/10/2025";"10:19:00";"127";"Sem vítima";"455,157";"BR-040/MG";"Crescente";"Colisão traseira";0;0;0;0;0;0;0;0;0;0;0;0;0;0;0
"24/10/2025";"12:23:00";"153";"Com vítima";"492,950";"BR-040/MG";"Decrescente";"Acidentes de outra natureza";1;0;0;0;0;0;0;0;0;0;0;0;1;0;0
"24/10/2025";"17:26:00";"193";"Com vítima";"519,534";"BR-040/MG";"Decrescente";"Colisão traseira";0;0;0;0;0;0;0;0;0;0;0;0;0;0;0
"24/10/2025";"17:31:00";"194";"Sem vítima";"470,041";"BR-040/MG";"Decrescente";"Engavetamento";2;0;1;0;0;0;0;0;0;0;0;0;0;0;0
"24/10/2025";"18:58:00";"205";"Com vítima";"422,384";"BR-040/MG";"Crescente";"Colisão transversal";0;0;0;0;0;0;0;0;0;0;0;0;0;0;0
"24/10/2025";"19:03:00";"206";"Sem vítima";"466,252";"BR-040/MG";"Decrescente";"Colisão traseira";0;0;0;0;0;0;0;0;0;0;0;0;0;0;0
"25/10/2025";"00:09:00";"2";"Sem vítima";"511,040";"BR-040/MG";"Decrescente";"Colisão traseira";0;0;0;0;0;0;0;0;0;0;0;0;0;0;0
"25/10/2025";"11:00:00";"109";"Com vítima";"509,700";"BR-040/MG";"Decrescente";"Engavetamento";6;0;0;0;0;0;0;0;0;0;1;2;0;0;0
"25/10/2025";"13:20:00";"134";"Com vítima";"518,700";"BR-040/MG";"Decrescente";"Colisão lateral no mesmo sentido";0;0;0;0;0;0;0;0;0;0;0;0;0;0;0
"25/10/2025";"15:04:00";"149";"Com vítima";"509,700";"BR-040/MG";"Decrescente";"Tombamento";0;0;0;0;0;0;0;0;0;0;0;0;0;0;0
"26/10/2025";"00:00:00";"142";"Com vítima";"517,600";"BR-040/MG";"Crescente";"Colisão lateral no mesmo sentido";0;0;0;0;0;0;0;0;0;0;0;0;0;0;0
"26/10/2025";"07:56:00";"42";"Com vítima";"96,185";"BR-040/GO";"Decrescente";"Colisão traseira";1;0;0;1;0;0;0;0;0;0;0;1;0;0;0
"26/10/2025";"11:46:00";"87";"Com vítima";"342,602";"BR-040/MG";"Crescente";"Choque";1;0;0;0;0;0;0;0;0;0;0;1;1;0;0
"27/10/2025";"00:00:00";"191";"Sem vítima";"532,900";"BR-040/MG";"Decrescente";"Engavetamento";0;0;0;0;0;0;0;0;0;0;0;0;0;0;0
"27/10/2025";"06:30:00";"73";"Sem vítima";"114,800";"BR-040/GO";"Decrescente";"Atropelamento de animal";0;0;0;0;0;0;0;0;0;0;0;0;0;0;0
"27/10/2025";"08:18:00";"99";"Sem vítima";"137,300";"BR-040/MG";"Decrescente";"Choque";2;0;1;0;0;0;0;0;0;0;0;0;0;0;0
"27/10/2025";"10:18:00";"127";"Com vítima";"531,598";"BR-040/MG";"Crescente";"Colisão traseira";0;0;0;0;0;0;0;0;0;0;0;0;0;0;0
"27/10/2025";"11:22:00";"149";"Sem vítima";"496,450";"BR-040/MG";"Decrescente";"Engavetamento";0;0;0;0;0;0;0;0;0;0;0;0;0;0;0
"27/10/2025";"11:47:00";"151";"Sem vítima";"99,099";"BR-040/GO";"Decrescente";"Colisão traseira";2;0;0;0;0;0;0;0;0;0;0;0;0;0;0
"27/10/2025";"15:41:00";"187";"Sem vítima";"478,200";"BR-040/MG";"Decrescente";"Colisão transversal";0;0;0;0;0;0;0;0;0;0;0;0;0;0;0
"27/10/2025";"17:33:00";"202";"Sem vítima";"403,100";"BR-040/MG";"Decrescente";"Colisão lateral no mesmo sentido";0;0;0;0;0;0;0;0;0;0;0;0;0;0;0
"27/10/2025";"21:33:00";"231";"Com vítima";"531,100";"BR-040/MG";"Decrescente";"Colisão lateral no mesmo sentido";1;0;0;1;0;0;0;0;0;0;0;1;0;0;0
"28/10/2025";"16:27:00";"190";"Com vítima";"530,411";"BR-040/MG";"Decrescente";"Colisão traseira";0;0;0;0;0;0;0;0;0;0;0;0;0;0;0
"29/10/2025";"00:00:00";"177";"Sem vítima";"373,900";"BR-040/MG";"Decrescente";"Tombamento";0;0;1;0;0;0;0;0;0;0;1;0;0;0;0
"29/10/2025";"00:00:00";"193";"Sem vítima";"223,570";"BR-040/MG";"Decrescente";"Atropelamento de animal";1;0;0;0;0;0;0;0;0;0;0;0;0;0;0
"29/10/2025";"07:17:00";"51";"Com vítima";"481,200";"BR-040/MG";"Decrescente";"Choque";0;0;0;0;0;0;0;0;0;0;0;0;0;0;0
"29/10/2025";"08:49:00";"97";"Sem vítima";"316,800";"BR-040/MG";"Decrescente";"Colisão lateral no mesmo sentido";0;0;0;0;0;0;0;0;0;0;0;0;0;0;0
"29/10/2025";"17:55:00";"178";"Com vítima";"42,900";"BR-040/MG";"Decrescente";"Colisão transversal";0;0;0;0;0;0;0;0;0;0;0;0;0;0;0
"30/10/2025";"16:35:00";"198";"Sem vítima";"527,900";"BR-040/MG";"Decrescente";"Capotamento";1;0;0;0;0;0;0;0;0;0;1;0;0;0;0
"30/10/2025";"16:47:00";"201";"Com vítima";"523,650";"BR-040/MG";"Decrescente";"Tombamento";0;0;0;1;0;0;0;0;0;0;0;0;1;0;0
"30/10/2025";"17:13:00";"203";"Sem vítima";"523,600";"BR-040/MG";"Decrescente";"Engavetamento";0;0;0;0;0;0;0;0;0;0;0;0;0;0;0
"30/10/2025";"17:58:00";"210";"Sem vítima";"53,340";"BR-040/MG";"Crescente";"Colisão transversal";1;0;0;1;0;0;0;0;0;0;0;0;0;0;0
"30/10/2025";"21:27:00";"230";"Sem vítima";"519,601";"BR-040/MG";"Crescente";"Choque";0;0;0;0;0;0;0;0;0;0;0;0;0;0;0
"31/10/2025";"00:00:00";"184";"Com vítima";"465,700";"BR-040/MG";"Crescente";"Choque";1;0;1;0;0;0;0;0;0;0;0;2;0;0;0
"31/10/2025";"04:00:00";"19";"Sem vítima";"482,777";"BR-040/MG";"Decrescente";"Choque";0;0;0;0;0;0;0;0;0;0;0;0;0;0;0
"31/10/2025";"08:11:00";"90";"Sem vítima";"530,300";"BR-040/MG";"Crescente";"Colisão lateral no mesmo sentido";0;0;0;0;0;0;0;0;0;0;0;0;0;0;0
"31/10/2025";"08:21:00";"92";"Com vítima";"43,200";"BR-040/MG";"Decrescente";"Colisão transversal";1;0;0;1;0;0;0;0;0;0;1;0;1;0;0
"31/10/2025";"16:01:00";"162";"Com vítima";"523,650";"BR-040/MG";"Decrescente";"Colisão lateral no mesmo sentido";0;0;0;0;0;0;0;0;0;0;0;0;0;0;0
"31/10/2025";"16:56:00";"172";"Sem vítima";"529,167";"BR-040/MG";"Decrescente";"Colisão traseira";0;0;0;0;0;0;0;0;0;0;0;0;0;0;0
"31/10/2025";"20:11:00";"196";"Com vítima";"42,100";"BR-040/MG";"Crescente";"Colisão lateral no mesmo sentido";1;0;0;1;0;0;0;0;0;0;0;1;0;0;0
"01/11/2025";"00:00:00";"3";"Sem vítima";"473,845";"BR-040/MG";"Decrescente";"Choque";0;0;0;0;0;0;0;2;0;0;0;0;0;0;0
"01/11/2025";"02:50:00";"11";"Com vítima";"525,140";"BR-040/MG";"Crescente";"Capotamento";1;0;0;0;0;0;0;0;0;0;0;1;1;0;0
"01/11/2025";"10:51:00";"109";"Sem vítima";"44,080";"BR-040/MG";"Decrescente";"Colisão transversal";2;0;0;0;0;0;0;0;0;0;4;0;0;0;0
"01/11/2025";"18:10:00";"171";"Com vítima";"522,500";"BR-040/MG";"Crescente";"Colisão lateral no mesmo sentido";0;0;0;0;0;0;0;0;0;0;0;0;0;0;0
"01/11/2025";"23:03:00";"190";"Com vítima";"347,508";"BR-040/MG";"Decrescente";"Colisão traseira";0;0;0;0;0;0;0;0;0;0;0;0;0;0;0
"02/11/2025";"00:00:00";"133";"Com vítima";"493,300";"BR-040/MG";"Decrescente";"Choque";0;0;0;0;0;0;0;0;0;0;0;0;0;0;0
"02/11/2025";"00:00:00";"158";"Sem vítima";"526,509";"BR-040/MG";"Crescente";"Colisão lateral no mesmo sentido";1;0;0;0;0;0;0;0;0;0;1;0;0;0;0
"02/11/2025";"03:13:00";"6";"Com vítima";"455,050";"BR-040/MG";"Decrescente";"Choque";0;0;0;0;0;0;0;0;0;0;0;0;0;0;0
"02/11/2025";"10:54:00";"66";"Sem vítima";"100,100";"BR-040/GO";"Crescente";"Capotamento";1;0;0;0;0;0;0;0;0;0;0;0;0;0;0
"02/11/2025";"13:55:00";"89";"Sem vítima";"454,635";"BR-040/MG";"Crescente";"Atropelamento de animal";0;0;0;0;0;0;0;0;0;0;0;0;0;0;0
"02/11/2025";"15:03:00";"101";"Sem vítima";"501,100";"BR-040/MG";"Crescente";"Tombamento";0;0;0;0;0;0;0;0;0;0;0;0;0;0;0
"02/11/2025";"16:15:00";"110";"Sem vítima";"509,700";"BR-040/MG";"Crescente";"Colisão traseira";0;0;0;0;0;0;0;0;0;0;0;0;0;0;0
"02/11/2025";"16:16:00";"111";"Sem vítima";"452,600";"BR-040/MG";"Decrescente";"Choque";1;0;0;0;0;0;0;0;0;0;0;0;0;0;0
"02/11/2025";"16:52:00";"124";"Sem vítima";"516,900";"BR-040/MG";"Crescente";"Colisão traseira";1;0;0;0;0;0;0;0;0;0;0;0;0;0;0
"02/11/2025";"18:31:00";"131";"Com vítima";"459,900";"BR-040/MG";"Crescente";"Tombamento";0;0;0;0;0;0;0;0;0;0;0;0;0;0;0
"02/11/2025";"18:46:00";"145";"Sem vítima";"525,559";"BR-040/MG";"Crescente";"Engavetamento";0;0;0;0;0;0;0;0;0;0;0;0;0;0;0
"02/11/2025";"19:26:00";"152";"Sem vítima";"461,220";"BR-040/MG";"Crescente";"Colisão lateral no mesmo sentido";0;0;0;0;0;0;0;0;0;0;0;0;0;0;0
"02/11/2025";"21:20:00";"177";"Sem vítima";"517,830";"BR-040/MG";"Decrescente";"Colisão lateral no mesmo sentido";0;0;0;0;0;0;0;0;0;0;0;0;0;0;0
"02/11/2025";"21:28:00";"180";"Sem vítima";"464,472";"BR-040/MG";"Decrescente";"Choque";1;0;0;0;0;0;0;0;0;0;0;0;0;0;0
"02/11/2025";"21:33:00";"182";"Sem vítima";"138,129";"BR-040/MG";"Decrescente";"Capotamento";0;0;1;0;0;0;0;0;0;0;0;0;0;0;0
"02/11/2025";"21:37:00";"183";"Sem vítima";"510,238";"BR-040/MG";"Decrescente";"Capotamento";0;0;0;0;0;0;0;0;0;0;0;0;0;0;0
"02/11/2025";"22:38:00";"193";"Com vítima";"462,500";"BR-040/MG";"Crescente";"Colisão traseira";0;0;0;0;0;0;0;0;0;0;0;0;0;0;0
"03/11/2025";"01:43:00";"7";"Com vítima";"504,050";"BR-040/MG";"Decrescente";"Colisão traseira";0;0;0;0;0;0;0;0;0;0;0;0;0;0;0
"03/11/2025";"04:17:00";"13";"Sem vítima";"530,500";"BR-040/MG";"Crescente";"Colisão traseira";0;0;0;0;0;0;0;0;0;0;0;0;0;0;0
"03/11/2025";"09:38:00";"109";"Sem vítima";"206,000";"BR-040/MG";"Decrescente";"Choque";1;0;0;0;0;0;0;0;0;0;0;0;0;0;0
"03/11/2025";"11:05:00";"119";"Sem vítima";"510,050";"BR-040/MG";"Crescente";"Colisão traseira";0;0;0;0;0;0;0;0;0;0;0;0;0;0;0
"03/11/2025";"12:08:00";"136";"Sem vítima";"62,600";"BR-040/MG";"Decrescente";"Choque";1;0;0;0;0;0;0;0;0;0;0;0;0;0;0
"03/11/2025";"16:14:00";"176";"Sem vítima";"433,100";"BR-040/MG";"Crescente";"Colisão lateral no mesmo sentido";1;0;1;0;0;0;0;0;0;0;2;0;0;0;0
"03/11/2025";"21:07:00";"200";"Sem vítima";"462,504";"BR-040/MG";"Crescente";"Choque";0;0;0;0;0;0;0;0;0;0;0;0;0;0;0
"04/11/2025";"00:00:00";"85";"Com vítima";"531,700";"BR-040/MG";"Crescente";"Colisão traseira";0;0;1;2;0;0;0;0;0;0;2;0;1;0;0
"04/11/2025";"00:00:00";"185";"Com vítima";"4,572";"BR-040/MG";"Crescente";"Capotamento";0;0;0;0;0;0;0;0;0;0;0;0;0;0;0
"04/11/2025";"06:05:00";"33";"Com vítima";"513,480";"BR-040/MG";"Crescente";"Colisão traseira";0;0;0;0;0;0;0;0;0;0;0;0;0;0;0
"04/11/2025";"08:15:00";"82";"Com vítima";"526,500";"BR-040/MG";"Decrescente";"Colisão traseira";0;0;0;0;0;0;0;0;0;0;0;0;0;0;0
"04/11/2025";"12:22:00";"128";"Sem vítima";"483,352";"BR-040/MG";"Crescente";"Colisão traseira";0;0;0;0;0;0;0;0;0;0;0;0;0;0;0
"04/11/2025";"12:57:00";"134";"Sem vítima";"86,500";"BR-040/MG";"Decrescente";"Tombamento";0;0;1;0;0;0;0;0;0;0;1;0;0;0;0
"05/11/2025";"06:24:00";"42";"Com vítima";"515,875";"BR-040/MG";"Crescente";"Tombamento";0;0;0;1;0;0;0;0;0;0;0;0;1;0;0
"05/11/2025";"07:02:00";"63";"Com vítima";"527,175";"BR-040/MG";"Crescente";"Tombamento";0;0;0;1;0;0;0;0;0;0;0;1;0;0;0
"05/11/2025";"07:56:00";"84";"Sem vítima";"527,500";"BR-040/MG";"Crescente";"Choque";0;0;0;0;0;0;0;0;0;0;0;0;0;0;0
"05/11/2025";"09:59:00";"112";"Sem vítima";"519,420";"BR-040/MG";"Crescente";"Colisão traseira";2;0;0;0;0;0;0;0;0;0;2;0;0;0;0
"05/11/2025";"11:17:00";"126";"Sem vítima";"142,500";"BR-040/GO";"Crescente";"Tombamento";0;0;0;0;0;0;0;0;0;0;0;0;0;0;0
"05/11/2025";"16:26:00";"160";"Sem vítima";"530,300";"BR-040/MG";"Crescente";"Engavetamento";0;0;0;0;0;0;0;0;0;0;0;0;0;0;0
"05/11/2025";"17:47:00";"177";"Com vítima";"515,700";"BR-040/MG";"Crescente";"Tombamento";0;0;0;0;0;0;0;0;0;0;0;0;0;0;0
"06/11/2025";"00:00:00";"3";"Sem vítima";"524,291";"BR-040/MG";"Crescente";"Colisão traseira";2;0;0;0;0;0;0;0;0;0;0;0;0;0;0
"06/11/2025";"04:50:00";"9";"Com vítima";"516,200";"BR-040/MG";"Crescente";"Choque";0;0;0;0;0;0;0;0;0;0;0;0;0;0;0
"06/11/2025";"07:09:00";"49";"Com vítima";"155,284";"BR-040/GO";"Crescente";"Colisão frontal";0;0;0;0;0;0;0;0;0;0;0;0;0;0;0
"06/11/2025";"16:02:00";"149";"Sem vítima";"429,860";"BR-040/MG";"Decrescente";"Colisão traseira";1;0;0;0;0;0;0;1;0;0;2;0;0;0;0
"06/11/2025";"19:41:00";"175";"Com vítima";"502,900";"BR-040/MG";"Crescente";"Tombamento";0;0;0;0;0;0;0;0;0;0;0;0;0;0;0
"06/11/2025";"19:59:00";"173";"Sem vítima";"130,764";"BR-040/MG";"Decrescente";"Atropelamento de animal";0;0;0;0;0;0;0;0;0;0;0;0;0;0;0
"06/11/2025";"23:21:00";"192";"Com vítima";"411,297";"BR-040/MG";"Crescente";"Colisão lateral no mesmo sentido";0;0;0;0;0;0;0;0;0;0;0;0;0;0;0
"07/11/2025";"00:00:00";"223";"Sem vítima";"509,922";"BR-040/MG";"Decrescente";"Colisão traseira";0;0;0;0;0;0;0;0;0;0;0;0;0;0;0
"07/11/2025";"02:06:00";"6";"Com vítima";"114,100";"BR-040/GO";"Decrescente";"Capotamento";1;0;0;0;0;0;0;0;0;0;0;3;1;0;0
"07/11/2025";"06:46:00";"47";"Com vítima";"522,300";"BR-040/MG";"Crescente";"Colisão lateral no mesmo sentido";0;0;0;0;0;0;0;0;0;0;0;0;0;0;0
"07/11/2025";"09:14:00";"102";"Sem vítima";"41,015";"BR-040/MG";"Crescente";"Colisão traseira";0;0;0;0;0;0;0;0;0;0;0;0;0;0;0
"07/11/2025";"10:38:00";"122";"Com vítima";"373,867";"BR-040/MG";"Decrescente";"Colisão transversal";0;0;0;0;0;0;0;0;0;0;0;0;0;0;0
"07/11/2025";"15:54:00";"177";"Sem vítima";"532,115";"BR-040/MG";"Decrescente";"Engavetamento";3;0;0;0;0;0;0;0;0;0;3;0;0;0;0
"07/11/2025";"19:11:00";"220";"Sem vítima";"528,300";"BR-040/MG";"Decrescente";"Choque";1;0;0;0;0;0;0;0;0;0;0;0;0;0;0
"07/11/2025";"19:49:00";"226";"Sem vítima";"492,133";"BR-040/MG";"Crescente";"Colisão traseira";0;0;0;0;0;0;0;0;0;0;0;0;0;0;0
"07/11/2025";"20:44:00";"230";"Com vítima";"514,905";"BR-040/MG";"Decrescente";"Colisão lateral no mesmo sentido";1;0;0;1;0;0;0;0;0;0;0;0;1;0;0
"07/11/2025";"22:19:00";"248";"Com vítima";"389,100";"BR-040/MG";"Decrescente";"Choque";0;0;0;0;0;0;0;0;0;0;0;0;0;0;0
"07/11/2025";"23:45:00";"258";"Com vítima";"521,783";"BR-040/MG";"Decrescente";"Capotamento";0;0;0;0;0;0;0;0;0;0;0;0;0;0;0
"08/11/2025";"01:45:00";"6";"Com vítima";"113,100";"BR-040/GO";"Decrescente";"Tombamento";0;0;0;0;0;0;0;1;0;0;0;1;0;0;0
"08/11/2025";"05:28:00";"12";"Com vítima";"44,207";"BR-040/MG";"Decrescente";"Colisão frontal";0;0;0;0;0;0;0;0;0;0;0;0;0;0;0
"08/11/2025";"07:12:00";"40";"Sem vítima";"503,528";"BR-040/MG";"Decrescente";"Capotamento";0;0;0;0;0;0;0;0;0;0;0;0;0;0;0
"08/11/2025";"07:40:00";"45";"Sem vítima";"484,558";"BR-040/MG";"Decrescente";"Capotamento";1;0;0;0;0;0;0;0;0;0;2;0;0;0;0
"08/11/2025";"08:46:00";"54";"Sem vítima";"451,800";"BR-040/MG";"Crescente";"Choque";0;0;0;0;0;0;0;0;0;0;0;0;0;0;0
"08/11/2025";"09:59:00";"72";"Com vítima";"477,200";"BR-040/MG";"Decrescente";"Colisão traseira";0;0;0;0;0;0;0;0;0;0;0;0;0;0;0
"08/11/2025";"11:10:00";"81";"Sem vítima";"478,500";"BR-040/MG";"Crescente";"Colisão lateral no mesmo sentido";0;0;0;0;0;0;0;0;0;0;0;0;0;0;0
"08/11/2025";"13:50:00";"104";"Sem vítima";"27,100";"BR-040/MG";"Crescente";"Choque";1;0;0;0;0;0;0;0;0;0;4;0;0;0;0
"08/11/2025";"16:30:00";"127";"Sem vítima";"510,450";"BR-040/MG";"Decrescente";"Choque";1;0;0;0;0;0;0;0;0;0;1;0;0;0;0
"08/11/2025";"23:33:00";"166";"Com vítima";"130,500";"BR-040/MG";"Decrescente";"Colisão frontal";2;0;1;0;0;0;0;0;0;0;2;1;0;0;0
"09/11/2025";"00:00:00";"99";"Sem vítima";"331,250";"BR-040/MG";"Crescente";"Colisão lateral no mesmo sentido";0;0;0;0;0;0;0;0;0;0;0;0;0;0;0
"09/11/2025";"00:00:00";"143";"Sem vítima";"503,400";"BR-040/MG";"Decrescente";"Choque";1;0;0;0;0;0;0;0;0;0;0;0;0;0;0
"09/11/2025";"01:13:00";"4";"Sem vítima";"503,150";"BR-040/MG";"Decrescente";"Choque";0;0;0;0;0;0;0;0;0;0;0;0;0;0;0
"09/11/2025";"04:37:00";"12";"Sem vítima";"508,800";"BR-040/MG";"Decrescente";"Choque";1;0;0;0;0;0;0;0;0;0;0;0;0;0;0
"09/11/2025";"05:27:00";"16";"Sem vítima";"141,200";"BR-040/MG";"Decrescente";"Atropelamento de animal";0;0;0;0;0;0;0;0;0;0;0;0;0;0;0
"09/11/2025";"05:58:00";"22";"Com vítima";"523,900";"BR-040/MG";"Decrescente";"Capotamento";0;0;0;0;0;0;0;0;0;0;0;0;0;0;0
"09/11/2025";"07:20:00";"39";"Com vítima";"510,050";"BR-040/MG";"Crescente";"Choque";0;0;0;0;0;0;0;0;0;0;0;0;0;0;0
"09/11/2025";"14:40:00";"98";"Sem vítima";"506,100";"BR-040/MG";"Crescente";"Colisão lateral no mesmo sentido";0;0;0;0;0;0;0;0;0;0;0;0;0;0;0
"10/11/2025";"00:00:00";"163";"Sem vítima";"516,400";"BR-040/MG";"Decrescente";"Colisão traseira";0;0;0;0;0;0;0;0;0;0;0;0;0;0;0
"10/11/2025";"13:49:00";"141";"Sem vítima";"518,323";"BR-040/MG";"Decrescente";"Choque";1;0;0;0;0;0;0;0;0;0;1;0;0;0;0
"10/11/2025";"13:54:00";"143";"Sem vítima";"203,513";"BR-040/MG";"Crescente";"Tombamento";0;0;0;0;0;0;0;0;0;0;0;0;0;0;0
"10/11/2025";"14:24:00";"148";"Sem vítima";"507,990";"BR-040/MG";"Decrescente";"Engavetamento";0;0;3;0;0;0;0;0;0;0;3;0;0;0;0
"10/11/2025";"16:41:00";"151";"Com vítima";"479,300";"BR-040/MG";"Crescente";"Colisão traseira";0;0;0;0;0;0;0;0;0;0;0;0;0;0;0
"10/11/2025";"20:11:00";"191";"Sem vítima";"530,500";"BR-040/MG";"Crescente";"Colisão lateral no mesmo sentido";1;0;1;0;0;0;0;0;0;0;2;0;0;0;0
"10/11/2025";"20:47:00";"193";"Com vítima";"422,500";"BR-040/MG";"Decrescente";"Colisão traseira";0;0;0;0;0;0;0;0;0;0;0;0;0;0;0
"10/11/2025";"21:13:00";"198";"Sem vítima";"466,488";"BR-040/MG";"Decrescente";"Choque";1;0;0;0;0;0;0;0;0;0;1;0;0;0;0
"11/11/2025";"04:06:00";"23";"Sem vítima";"521,572";"BR-040/MG";"Decrescente";"Atropelamento de animal";0;0;0;0;0;0;0;1;0;0;1;0;0;0;0
"11/11/2025";"11:54:00";"135";"Sem vítima";"342,950";"BR-040/MG";"Crescente";"Colisão traseira";0;0;0;0;0;0;0;0;0;0;0;0;0;0;0
"11/11/2025";"14:17:00";"167";"Sem vítima";"273,980";"BR-040/MG";"Decrescente";"Colisão transversal";0;0;0;0;0;0;0;0;0;0;0;0;0;0;0
"11/11/2025";"14:39:00";"172";"Sem vítima";"502,208";"BR-040/MG";"Crescente";"Engavetamento";0;0;0;0;0;0;0;0;0;0;0;0;0;0;0
"11/11/2025";"19:16:00";"199";"Com vítima";"123,479";"BR-040/GO";"Decrescente";"Atropelamento de pedestre";1;0;0;0;0;0;0;0;0;0;1;0;0;0;1
"11/11/2025";"20:11:00";"206";"Sem vítima";"504,990";"BR-040/MG";"Crescente";"Atropelamento de animal";0;0;0;0;0;0;0;0;0;0;0;0;0;0;0
"12/11/2025";"00:00:00";"156";"Com vítima";"524,500";"BR-040/MG";"Crescente";"Colisão traseira";1;0;0;1;0;0;0;0;0;0;0;1;0;0;0
"12/11/2025";"19:31:00";"167";"Com vítima";"192,100";"BR-040/MG";"Crescente";"Colisão transversal";1;0;1;0;0;0;0;0;0;0;0;0;1;0;0
"13/11/2025";"00:00:00";"78";"Com vítima";"137,200";"BR-040/MG";"Crescente";"Capotamento";0;0;0;0;0;0;0;0;0;0;0;0;0;0;0
"13/11/2025";"00:00:00";"98";"Sem vítima";"259,300";"BR-040/MG";"Crescente";"Capotamento";1;0;0;0;0;0;0;0;0;0;1;0;0;0;0
"13/11/2025";"16:35:00";"131";"Sem vítima";"482,200";"BR-040/MG";"Crescente";"Tombamento";0;0;0;0;0;0;0;0;0;0;0;0;0;0;0
"13/11/2025";"17:07:00";"135";"Sem vítima";"14,500";"BR-040/MG";"Crescente";"Colisão traseira";0;0;0;0;0;0;0;0;0;0;0;0;0;0;0
"14/11/2025";"00:00:00";"23";"Sem vítima";"512,700";"BR-040/MG";"Crescente";"Engavetamento";0;0;0;0;0;0;0;0;0;0;0;0;0;0;0
"14/11/2025";"00:00:00";"67";"Com vítima";"524,800";"BR-040/MG";"Crescente";"Colisão traseira";0;0;0;0;0;0;0;0;0;0;0;0;0;0;0
"14/11/2025";"00:19:00";"4";"Sem vítima";"24,200";"BR-040/MG";"Crescente";"Colisão lateral no mesmo sentido";0;0;2;0;0;0;0;0;0;0;0;0;0;0;0
"14/11/2025";"07:59:00";"68";"Sem vítima";"532,700";"BR-040/MG";"Decrescente";"Engavetamento";0;0;0;0;0;0;0;0;0;0;0;0;0;0;0
"14/11/2025";"09:24:00";"88";"Com vítima";"529,400";"BR-040/MG";"Crescente";"Colisão traseira";0;0;1;1;0;0;0;0;0;0;1;2;0;0;0
"14/11/2025";"11:10:00";"99";"Com vítima";"476,880";"BR-040/MG";"Decrescente";"Tombamento";0;0;0;0;0;0;0;0;0;0;0;0;0;0;0
"14/11/2025";"11:14:00";"100";"Sem vítima";"518,015";"BR-040/MG";"Decrescente";"Engavetamento";0;0;0;0;0;0;0;0;0;0;0;0;0;0;0
"14/11/2025";"11:22:00";"104";"Com vítima";"466,400";"BR-040/MG";"Decrescente";"Atropelamento de pedestre";0;0;0;0;0;0;0;0;0;0;0;0;0;0;0