data;horario;n_da_ocorrencia;tipo_de_ocorrencia;km;trecho;sentido;tipo_de_acidente;automovel;bicicleta;caminhao;moto;onibus;outros;tracao_animal;transporte_de_cargas_especiais;trator_maquinas;utilitarios;ilesos;levemente_feridos;moderadamente_feridos;gravemente_feridos;mortos
"14/11/2025";"16:16:00";"139";"Sem vítima";"500,800";"BR-040/MG";"Crescente";"Colisão traseira";0;0;0;0;0;0;0;0;0;0;0;0;0;0;0
"14/11/2025";"16:53:00";"146";"Com vítima";"522,600";"BR-040/MG";"Decrescente";"Colisão lateral no mesmo sentido";0;0;0;0;0;0;0;0;0;0;0;0;0;0;0
"14/11/2025";"17:22:00";"152";"Sem vítima";"477,118";"BR-040/MG";"Decrescente";"Colisão lateral no mesmo sentido";0;0;0;0;0;0;0;0;0;0;0;0;0;0;0
"14/11/2025";"19:51:00";"171";"Com vítima";"422,848";"BR-040/MG";"Decrescente";"Colisão lateral no mesmo sentido";0;0;0;0;0;0;0;0;0;0;0;0;0;0;0
"14/11/2025";"21:26:00";"187";"Com vítima";"377,688";"BR-040/MG";"Crescente";"Colisão traseira";1;0;1;0;0;0;0;0;0;0;0;0;1;1;0
"15/11/2025";"00:00:00";"157";"Sem vítima";"413,100";"BR-040/MG";"Crescente";"Choque";0;0;0;0;0;0;0;0;0;0;0;0;0;0;0
"15/11/2025";"00:00:00";"164";"Sem vítima";"486,200";"BR-040/MG";"Decrescente";"Atropelamento de animal";0;0;0;0;0;0;0;0;0;0;0;0;0;0;0
"15/11/2025";"00:00:00";"188";"Sem vítima";"152,300";"BR-040/GO";"Decrescente";"Choque";0;0;0;0;0;0;0;0;0;0;0;0;0;0;0
"15/11/2025";"02:17:00";"6";"Com vítima";"326,500";"BR-040/MG";"Crescente";"Colisão traseira";0;0;0;0;0;0;0;0;0;0;0;0;0;0;0
"15/11/2025";"07:06:00";"56";"Com vítima";"512,770";"BR-040/MG";"Crescente";"Choque";0;0;0;0;0;0;0;0;0;0;0;0;0;0;0
"15/11/2025";"07:35:00";"68";"Sem vítima";"512,767";"BR-040/MG";"Crescente";"Colisão traseira";2;0;0;0;0;0;0;0;0;0;2;0;0;0;0
"15/11/2025";"07:41:00";"70";"Sem vítima";"247,824";"BR-040/MG";"Decrescente";"Choque";0;0;0;0;0;0;0;0;0;0;0;0;0;0;0
"15/11/2025";"09:43:00";"91";"Sem vítima";"43,152";"BR-040/MG";"Crescente";"Colisão transversal";2;0;0;0;0;0;0;0;0;0;0;0;0;0;0
"15/11/2025";"15:23:00";"136";"Com vítima";"43,406";"BR-040/MG";"Crescente";"Colisão frontal";0;0;0;0;0;0;0;0;0;0;0;0;0;0;0
"16/11/2025";"00:00:00";"1";"Sem vítima";"524,600";"BR-040/MG";"Decrescente";"Choque";1;0;0;0;0;0;0;0;0;0;0;0;0;0;0
"16/11/2025";"05:31:00";"22";"Sem vítima";"528,674";"BR-040/MG";"Decrescente";"Choque";1;0;0;0;0;0;0;0;0;0;0;0;0;0;0
"16/11/2025";"13:36:00";"88";"Com vítima";"517,250";"BR-040/MG";"Decrescente";"Colisão lateral no mesmo sentido";1;0;0;1;0;0;0;0;0;0;0;0;0;1;0
"16/11/2025";"21:20:00";"161";"Sem vítima";"510,500";"BR-040/MG";"Decrescente";"Colisão traseira";0;0;0;0;0;0;0;0;0;0;0;0;0;0;0
"16/11/2025";"22:07:00";"168";"Com vítima";"466,555";"BR-040/MG";"Crescente";"Atropelamento de pedestre";1;0;0;0;0;0;0;0;0;0;0;0;0;0;1
"17/11/2025";"00:00:00";"169";"Sem vítima";"519,100";"BR-040/MG";"Decrescente";"Colisão traseira";0;0;0;0;0;0;0;0;0;0;0;0;0;0;0
"17/11/2025";"00:00:00";"174";"Com vítima";"522,600";"BR-040/MG";"Crescente";"Colisão traseira";1;0;0;1;0;0;0;0;0;0;0;1;0;0;0
"17/11/2025";"05:45:00";"21";"Sem vítima";"465,420";"BR-040/MG";"Decrescente";"Choque";1;0;0;0;0;0;0;0;0;0;1;0;0;0;0
"17/11/2025";"07:10:00";"39";"Sem vítima";"29,480";"BR-040/MG";"Decrescente";"Choque";0;0;0;0;0;0;0;0;0;0;0;0;0;0;0
"17/11/2025";"08:27:00";"67";"Sem vítima";"505,147";"BR-040/MG";"Crescente";"Capotamento";0;0;0;0;0;0;0;0;0;0;0;0;0;0;0
"17/11/2025";"09:38:00";"88";"Sem vítima";"463,450";"BR-040/MG";"Crescente";"Colisão traseira";0;0;0;0;0;0;0;0;0;0;0;0;0;0;0
"17/11/2025";"10:57:00";"100";"Sem vítima";"380,100";"BR-040/MG";"Decrescente";"Capotamento";1;0;0;0;0;0;0;0;0;0;1;0;0;0;0
"17/11/2025";"14:47:00";"144";"Sem vítima";"390,900";"BR-040/MG";"Decrescente";"Capotamento";0;0;0;0;0;0;0;0;0;0;0;0;0;0;0
"17/11/2025";"16:59:00";"163";"Com vítima";"276,060";"BR-040/MG";"Decrescente";"Atropelamento de pedestre";0;0;0;0;0;0;0;0;0;0;0;0;0;0;0
"18/11/2025";"00:00:00";"64";"Com vítima";"514,357";"BR-040/MG";"Crescente";"Atropelamento de pedestre";0;0;0;0;0;0;0;0;0;0;0;0;1;0;0
"18/11/2025";"00:00:00";"172";"Com vítima";"528,845";"BR-040/MG";"Decrescente";"Tombamento";0;0;0;0;0;0;0;0;0;0;0;0;0;0;0
"18/11/2025";"19:45:00";"187";"Sem vítima";"528,800";"BR-040/MG";"Decrescente";"Colisão traseira";1;0;0;1;0;0;0;0;0;0;2;0;0;0;0
"19/11/2025";"00:00:00";"5";"Com vítima";"450,147";"BR-040/MG";"Crescente";"Colisão traseira";0;0;2;0;0;0;0;0;0;0;1;1;0;0;0
"19/11/2025";"19:02:00";"181";"Com vítima";"522,200";"BR-040/MG";"Crescente";"Atropelamento de pedestre";0;0;0;0;1;0;0;0;0;0;0;0;0;0;1
"19/11/2025";"19:16:00";"182";"Sem vítima";"512,300";"BR-040/MG";"Decrescente";"Colisão traseira";1;0;0;0;0;0;0;0;0;0;0;0;0;0;0
"19/11/2025";"19:32:00";"186";"Com vítima";"485,500";"BR-040/MG";"Crescente";"Atropelamento de pedestre";0;0;0;0;0;0;0;0;0;0;0;0;0;1;0
"19/11/2025";"20:07:00";"192";"Sem vítima";"521,100";"BR-040/MG";"Crescente";"Choque";0;0;0;0;0;0;0;0;0;0;0;0;0;0;0
"19/11/2025";"20:14:00";"193";"Sem vítima";"245,200";"BR-040/MG";"Crescente";"Choque";0;0;0;0;0;0;0;0;0;0;0;0;0;0;0
"19/11/2025";"22:10:00";"204";"Com vítima";"524,300";"BR-040/MG";"Decrescente";"Atropelamento de pedestre";1;0;0;0;0;0;0;0;0;0;0;0;1;0;0
"20/11/2025";"06:40:00";"37";"Com vítima";"532,125";"BR-040/MG";"Decrescente";"Colisão lateral no mesmo sentido";0;0;0;0;0;0;0;0;0;0;0;0;0;0;0
"20/11/2025";"18:45:00";"144";"Sem vítima";"425,100";"BR-040/MG";"Crescente";"Colisão traseira";0;0;2;0;0;0;0;0;0;0;0;0;0;0;0
"20/11/2025";"19:38:00";"148";"Com vítima";"502,100";"BR-040/MG";"Decrescente";"Tombamento";0;0;0;0;0;0;0;0;0;0;0;0;0;0;0
"21/11/2025";"07:26:00";"53";"Com vítima";"521,200";"BR-040/MG";"Crescente";"Colisão lateral no mesmo sentido";0;0;0;0;0;0;0;0;0;0;0;0;0;0;0
"21/11/2025";"14:53:00";"109";"Sem vítima";"11,500";"BR-040/MG";"Crescente";"Colisão transversal";0;0;1;0;0;0;0;1;0;0;3;0;0;0;0
"21/11/2025";"15:17:00";"111";"Sem vítima";"530,240";"BR-040/MG";"Crescente";"Engavetamento";0;0;0;0;0;0;0;0;0;0;0;0;0;0;0
"21/11/2025";"15:56:00";"119";"Com vítima";"509,400";"BR-040/MG";"Decrescente";"Tombamento";0;0;0;0;0;0;0;0;0;0;0;0;0;0;0
"21/11/2025";"23:20:00";"166";"Sem vítima";"497,700";"BR-040/MG";"Decrescente";"Atropelamento de animal";0;0;0;0;0;0;0;0;0;0;0;0;0;0;0
"22/11/2025";"00:00:00";"31";"Com vítima";"300,721";"BR-040/MG";"Decrescente";"Colisão traseira";0;0;0;0;0;0;0;0;0;0;0;0;0;0;0
"22/11/2025";"00:00:00";"159";"Sem vítima";"473,512";"BR-040/MG";"Crescente";"Colisão transversal";0;0;0;0;0;0;0;0;0;0;0;0;0;0;0
"22/11/2025";"07:15:00";"42";"Sem vítima";"514,000";"BR-040/MG";"Crescente";"Choque";0;0;0;0;0;0;0;0;0;0;0;0;0;0;0
"22/11/2025";"10:35:00";"94";"Com vítima";"518,195";"BR-040/MG";"Decrescente";"Capotamento";1;0;0;0;0;0;0;0;0;0;0;1;0;0;0
"22/11/2025";"22:13:00";"173";"Sem vítima";"70,900";"BR-040/MG";"Crescente";"Colisão traseira";0;0;0;0;0;0;0;0;0;0;0;0;0;0;0
"23/11/2025";"01:53:00";"6";"Sem vítima";"508,448";"BR-040/MG";"Crescente";"Choque";0;0;1;0;0;0;0;0;0;0;1;0;0;0;0
"23/11/2025";"03:00:00";"11";"Sem vítima";"460,619";"BR-040/MG";"Decrescente";"Colisão traseira";0;0;0;0;0;0;0;0;0;0;0;0;0;0;0
"23/11/2025";"11:41:00";"73";"Com vítima";"437,500";"BR-040/MG";"Crescente";"Tombamento";0;0;0;0;0;0;0;0;0;0;0;0;0;0;0
"23/11/2025";"13:13:00";"80";"Sem vítima";"457,542";"BR-040/MG";"Crescente";"Colisão traseira";0;0;0;0;0;0;0;0;0;0;0;0;0;0;0
"23/11/2025";"14:04:00";"84";"Sem vítima";"441,950";"BR-040/MG";"Decrescente";"Tombamento";0;0;0;0;0;0;0;0;0;0;0;0;0;0;0
"23/11/2025";"15:16:00";"97";"Com vítima";"161,200";"BR-040/MG";"Crescente";"Capotamento";0;0;0;0;0;0;0;0;0;0;0;0;0;0;0
"23/11/2025";"15:28:00";"100";"Com vítima";"421,679";"BR-040/MG";"Crescente";"Atropelamento de pedestre";0;0;0;0;0;0;0;0;0;0;0;0;0;0;1
"23/11/2025";"15:40:00";"102";"Sem vítima";"247,900";"BR-040/MG";"Decrescente";"Choque";0;0;1;0;0;0;0;0;0;0;1;0;0;0;0
"23/11/2025";"16:54:00";"112";"Sem vítima";"467,510";"BR-040/MG";"Crescente";"Colisão traseira";2;0;0;0;0;0;0;0;0;0;2;0;0;0;0
"23/11/2025";"21:00:00";"154";"Sem vítima";"499,715";"BR-040/MG";"Crescente";"Choque";0;0;0;0;0;0;0;0;0;0;0;0;0;0;0
"23/11/2025";"23:51:00";"165";"Com vítima";"508,151";"BR-040/MG";"Crescente";"Capotamento";1;0;0;0;0;0;0;0;0;0;0;0;1;0;0
"24/11/2025";"00:00:00";"133";"Sem vítima";"474,476";"BR-040/MG";"Crescente";"Tombamento";0;0;0;0;0;0;0;0;0;0;0;0;0;0;0
"24/11/2025";"00:00:00";"201";"Sem vítima";"525,300";"BR-040/MG";"Decrescente";"Engavetamento";0;0;0;0;0;0;0;0;0;0;0;0;0;0;0
"24/11/2025";"00:14:00";"3";"Sem vítima";"503,800";"BR-040/MG";"Crescente";"Atropelamento de animal";0;0;0;0;0;0;0;0;0;0;0;0;0;0;0
"24/11/2025";"02:40:00";"10";"Sem vítima";"501,500";"BR-040/MG";"Crescente";"Atropelamento de animal";0;0;0;0;0;0;0;0;0;0;0;0;0;0;0
"24/11/2025";"15:09:00";"156";"Sem vítima";"528,325";"BR-040/MG";"Crescente";"Colisão lateral no mesmo sentido";0;0;0;0;0;0;0;0;0;0;0;0;0;0;0
"25/11/2025";"00:00:00";"8";"Sem vítima";"521,793";"BR-040/MG";"Decrescente";"Tombamento";0;0;0;0;0;0;0;0;0;0;0;0;0;0;0
"25/11/2025";"06:55:00";"40";"Sem vítima";"528,800";"BR-040/MG";"Decrescente";"Choque";0;0;0;0;0;0;0;0;0;0;0;0;0;0;0
"25/11/2025";"09:32:00";"94";"Sem vítima";"405,350";"BR-040/MG";"Crescente";"Colisão traseira";2;0;0;0;0;0;0;0;0;0;0;0;0;0;0
"25/11/2025";"18:55:00";"183";"Sem vítima";"525,000";"BR-040/MG";"Decrescente";"Colisão traseira";0;0;2;0;0;0;0;0;0;0;0;0;0;0;0
"26/11/2025";"01:00:00";"3";"Sem vítima";"123,100";"BR-040/MG";"Crescente";"Choque";0;0;0;0;0;0;0;0;0;0;0;0;0;0;0
"26/11/2025";"17:47:00";"184";"Com vítima";"524,100";"BR-040/MG";"Decrescente";"Tombamento";0;0;0;0;0;0;0;0;0;0;0;0;0;0;0
"26/11/2025";"18:06:00";"186";"Com vítima";"470,310";"BR-040/MG";"Decrescente";"Capotamento";0;0;0;0;0;0;0;0;0;0;0;0;0;0;0
"27/11/2025";"00:00:00";"167";"Com vítima";"464,400";"BR-040/MG";"Crescente";"Capotamento";1;0;0;0;0;0;0;0;0;0;0;0;1;0;0
"27/11/2025";"00:00:00";"225";"Sem vítima";"101,638";"BR-040/GO";"Crescente";"Atropelamento de animal";0;0;0;0;0;0;0;0;0;0;0;0;0;0;0
"27/11/2025";"10:28:00";"117";"Com vítima";"471,200";"BR-040/MG";"Crescente";"Colisão traseira";0;0;0;0;0;0;0;0;0;0;0;0;0;0;0
"27/11/2025";"10:52:00";"124";"Sem vítima";"464,350";"BR-040/MG";"Decrescente";"Colisão traseira";0;0;0;0;0;0;0;2;0;0;2;0;0;0;0
"27/11/2025";"16:14:00";"170";"Com vítima";"330,942";"BR-040/MG";"Crescente";"Colisão traseira";0;0;0;0;0;0;0;0;0;0;0;0;0;0;0
"27/11/2025";"19:11:00";"200";"Sem vítima";"83,114";"BR-040/MG";"Crescente";"Atropelamento de animal";0;0;0;0;0;0;0;0;0;0;0;0;0;0;0
"28/11/2025";"00:00:00";"217";"Com vítima";"506,900";"BR-040/MG";"Crescente";"Choque";0;0;0;0;0;0;0;0;0;0;0;0;0;0;0
"28/11/2025";"00:00:00";"248";"Sem vítima";"513,200";"BR-040/MG";"Decrescente";"Atropelamento de animal";0;0;0;1;0;0;0;0;0;0;0;0;0;0;0
"28/11/2025";"05:07:00";"21";"Com vítima";"114,317";"BR-040/GO";"Decrescente";"Atropelamento de animal";0;0;0;0;0;0;0;0;0;0;0;0;0;0;0
"28/11/2025";"05:15:00";"22";"Sem vítima";"503,500";"BR-040/MG";"Crescente";"Colisão lateral no mesmo sentido";0;0;0;0;0;0;0;0;0;0;0;0;0;0;0
"28/11/2025";"12:49:00";"170";"Sem vítima";"512,873";"BR-040/MG";"Crescente";"Choque";1;0;0;0;0;0;0;0;0;0;0;0;0;0;0
"28/11/2025";"19:30:00";"226";"Com vítima";"96,700";"BR-040/GO";"Decrescente";"Colisão lateral no mesmo sentido";0;0;1;0;0;0;0;0;0;0;0;1;0;0;0
"29/11/2025";"00:00:00";"116";"Com vítima";"510,950";"BR-040/MG";"Crescente";"Colisão traseira";0;0;0;0;0;0;0;0;0;0;0;0;0;0;0
"29/11/2025";"00:10:00";"186";"Sem vítima";"46,700";"BR-040/MG";"Decrescente";"Atropelamento de animal";0;0;0;0;0;0;0;0;0;0;0;0;0;0;0
"29/11/2025";"05:33:00";"21";"Sem vítima";"520,200";"BR-040/MG";"Crescente";"Capotamento";0;0;0;0;0;0;0;0;0;0;0;0;0;0;0
"29/11/2025";"06:46:00";"35";"Sem vítima";"516,130";"BR-040/MG";"Decrescente";"Colisão lateral no mesmo sentido";2;0;0;0;0;0;0;0;0;0;2;0;0;0;0
"29/11/2025";"13:13:00";"111";"Sem vítima";"511,704";"BR-040/MG";"Decrescente";"Colisão traseira";0;0;0;0;0;0;0;0;0;0;0;0;0;0;0
"29/11/2025";"13:18:00";"112";"Sem vítima";"474,240";"BR-040/MG";"Decrescente";"Colisão traseira";0;0;0;0;0;0;0;0;0;0;0;0;0;0;0
"30/11/2025";"00:00:00";"17";"Sem vítima";"434,600";"BR-040/MG";"Decrescente";"Choque";0;0;0;0;0;0;0;0;0;0;0;0;0;0;0
"30/11/2025";"01:59:00";"11";"Com vítima";"96,100";"BR-040/GO";"Crescente";"Colisão lateral no mesmo sentido";1;0;0;0;0;0;0;0;0;0;0;0;1;0;0
"30/11/2025";"02:08:00";"12";"Sem vítima";"496,800";"BR-040/MG";"Decrescente";"Atropelamento de animal";0;0;0;0;0;0;0;0;0;0;0;0;0;0;0
"30/11/2025";"05:12:00";"18";"Sem vítima";"441,800";"BR-040/MG";"Crescente";"Atropelamento de animal";0;0;0;0;0;0;0;0;0;0;0;0;0;0;0
"30/11/2025";"11:36:00";"63";"Sem vítima";"498,720";"BR-040/MG";"Crescente";"Colisão traseira";0;0;0;0;0;0;0;0;0;0;0;0;0;0;0
"30/11/2025";"16:39:00";"83";"Com vítima";"434,820";"BR-040/MG";"Decrescente";"Choque";1;0;0;0;0;0;0;0;0;0;0;1;0;0;0
"30/11/2025";"17:34:00";"92";"Com vítima";"427,715";"BR-040/MG";"Decrescente";"Tombamento";0;0;0;0;0;0;0;0;0;0;0;0;0;0;0
"30/11/2025";"19:09:00";"106";"Sem vítima";"105,721";"BR-040/GO";"Crescente";"Atropelamento de animal";0;0;0;0;0;0;0;0;0;0;0;0;0;0;0
"30/11/2025";"23:35:00";"126";"Com vítima";"494,200";"BR-040/MG";"Decrescente";"Atropelamento de animal";1;0;0;0;0;0;0;0;0;0;0;2;0;1;0
"30/11/2025";"23:53:00";"127";"Com vítima";"445,100";"BR-040/MG";"Crescente";"Choque";0;0;0;0;0;0;0;0;0;0;0;0;0;0;0
"01/12/2025";"01:58:00";"4";"Sem vítima";"470,325";"BR-040/MG";"Decrescente";"Choque";0;0;0;0;0;0;0;0;0;0;0;0;0;0;0
"01/12/2025";"06:34:00";"39";"Com vítima";"512,050";"BR-040/MG";"Crescente";"Colisão traseira";1;0;0;1;0;0;0;0;0;0;1;1;1;0;0
"01/12/2025";"07:04:00";"64";"Com vítima";"520,600";"BR-040/MG";"Crescente";"Colisão traseira";0;0;0;0;0;0;0;0;0;0;0;0;0;0;0
"01/12/2025";"08:44:00";"61";"Com vítima";"511,600";"BR-040/MG";"Crescente";"Colisão traseira";0;0;0;0;0;0;0;0;0;0;0;0;0;0;0
"01/12/2025";"09:40:00";"94";"Sem vítima";"516,177";"BR-040/MG";"Crescente";"Engavetamento";0;0;0;0;0;0;0;0;0;0;0;0;0;0;0
"01/12/2025";"14:17:00";"141";"Sem vítima";"196,250";"BR-040/MG";"Crescente";"Tombamento";0;0;1;0;0;0;0;0;0;0;1;0;0;0;0
"01/12/2025";"16:46:00";"157";"Sem vítima";"447,000";"BR-040/MG";"Crescente";"Choque";0;0;1;0;0;0;0;0;0;0;1;0;0;0;0
"01/12/2025";"18:11:00";"166";"Com vítima";"522,330";"BR-040/MG";"Decrescente";"Colisão traseira";0;0;0;0;0;0;0;0;0;0;0;0;0;0;0
"01/12/2025";"19:04:00";"175";"Sem vítima";"528,000";"BR-040/MG";"Decrescente";"Colisão traseira";0;0;0;0;0;0;0;0;0;0;0;0;0;0;0
"01/12/2025";"19:29:00";"179";"Com vítima";"279,011";"BR-040/MG";"Decrescente";"Colisão frontal";0;0;0;0;0;0;0;0;0;0;0;0;0;0;0
"01/12/2025";"20:21:00";"187";"Com vítima";"196,655";"BR-040/MG";"Crescente";"Tombamento";0;0;1;0;0;0;0;0;0;0;0;1;1;0;0
"02/12/2025";"00:00:00";"17";"Sem vítima";"500,300";"BR-040/MG";"Decrescente";"Choque";0;0;0;0;0;0;0;0;0;0;0;0;0;0;0
"02/12/2025";"00:00:00";"125";"Sem vítima";"466,150";"BR-040/MG";"Decrescente";"Choque";0;0;0;0;0;0;0;0;0;0;0;0;0;0;0
"02/12/2025";"01:27:00";"4";"Sem vítima";"268,380";"BR-040/MG";"Decrescente";"Atropelamento de animal";0;0;0;0;0;0;0;0;0;0;0;0;0;0;0
"02/12/2025";"05:53:00";"15";"Sem vítima";"527,500";"BR-040/MG";"Crescente";"Capotamento";0;0;0;0;0;0;0;0;0;0;0;0;0;0;0
"02/12/2025";"07:18:00";"38";"Sem vítima";"508,769";"BR-040/MG";"Crescente";"Colisão lateral no mesmo sentido";0;0;0;0;0;0;0;0;0;0;0;0;0;0;0
"02/12/2025";"16:34:00";"126";"Com vítima";"44,047";"BR-040/MG";"Decrescente";"Colisão transversal";0;0;0;0;0;0;0;0;0;0;0;0;0;0;0
"02/12/2025";"19:34:00";"148";"Com vítima";"532,500";"BR-040/MG";"Crescente";"Colisão traseira";0;0;0;0;0;0;0;0;0;0;0;0;0;0;0
"03/12/2025";"00:00:00";"164";"Sem vítima";"464,200";"BR-040/MG";"Decrescente";"Colisão lateral no mesmo sentido";1;0;1;0;0;0;0;0;0;0;2;0;0;0;0
"03/12/2025";"02:02:00";"6";"Sem vítima";"524,100";"BR-040/MG";"Crescente";"Choque";0;0;0;0;0;0;0;0;0;0;0;0;0;0;0
"03/12/2025";"04:12:00";"10";"Com vítima";"425,819";"BR-040/MG";"Decrescente";"Colisão traseira";0;0;0;0;0;0;0;0;0;0;0;0;0;0;0
"03/12/2025";"13:31:00";"109";"Com vítima";"69,150";"BR-040/MG";"Crescente";"Tombamento";0;0;0;0;0;0;0;0;0;0;0;0;0;0;0
"04/12/2025";"10:57:00";"92";"Sem vítima";"496,915";"BR-040/MG";"Crescente";"Choque";0;0;0;0;0;0;0;0;0;0;0;0;0;0;0
"04/12/2025";"15:22:00";"128";"Com vítima";"529,050";"BR-040/MG";"Crescente";"Colisão traseira";1;0;0;0;0;0;0;1;0;0;1;1;0;0;0
"04/12/2025";"20:54:00";"157";"Sem vítima";"78,100";"BR-040/MG";"Decrescente";"Atropelamento de animal";0;0;0;0;0;0;0;0;0;0;0;0;0;0;0
"04/12/2025";"21:30:00";"163";"Sem vítima";"520,498";"BR-040/MG";"Crescente";"Capotamento";0;0;0;0;0;0;0;0;0;0;0;0;0;0;0
"05/12/2025";"06:37:00";"27";"Sem vítima";"24,650";"BR-040/MG";"Crescente";"Atropelamento de animal";0;0;0;0;0;0;0;0;0;0;0;0;0;0;0
"05/12/2025";"06:48:00";"46";"Sem vítima";"517,500";"BR-040/MG";"Crescente";"Colisão traseira";0;0;0;0;0;0;0;0;0;0;0;0;0;0;0
"05/12/2025";"08:40:00";"69";"Sem vítima";"333,300";"BR-040/MG";"Decrescente";"Colisão lateral no mesmo sentido";0;0;0;0;0;0;0;0;0;0;0;0;0;0;0
"06/12/2025";"01:57:00";"10";"Sem vítima";"515,100";"BR-040/MG";"Crescente";"Choque";0;0;0;0;0;0;0;0;0;0;0;0;0;0;0
"06/12/2025";"03:18:00";"15";"Sem vítima";"50,423";"BR-040/MG";"Decrescente";"Atropelamento de animal";1;0;0;0;0;0;0;0;0;0;1;0;0;0;0
"06/12/2025";"06:46:00";"40";"Sem vítima";"141,300";"BR-040/MG";"Crescente";"Choque";1;0;0;0;0;0;0;0;0;0;1;0;0;0;0
"06/12/2025";"11:56:00";"96";"Sem vítima";"121,000";"BR-040/GO";"Crescente";"Choque";1;0;0;0;0;0;0;0;0;0;1;0;0;0;0
"06/12/2025";"13:09:00";"101";"Sem vítima";"522,800";"BR-040/MG";"Decrescente";"Colisão traseira";0;0;0;0;0;0;0;0;0;0;0;0;0;0;0
"06/12/2025";"13:42:00";"105";"Sem vítima";"499,520";"BR-040/MG";"Decrescente";"Tombamento";0;0;1;0;0;0;0;0;0;0;1;0;0;0;0
"06/12/2025";"17:14:00";"128";"Sem vítima";"129,800";"BR-040/MG";"Decrescente";"Colisão lateral no mesmo sentido";2;0;0;0;0;0;0;0;0;0;2;0;0;0;0
"06/12/2025";"18:35:00";"131";"Sem vítima";"500,258";"BR-040/MG";"Decrescente";"Colisão lateral no mesmo sentido";0;0;0;0;0;0;0;0;0;0;0;0;0;0;0
"06/12/2025";"19:54:00";"142";"Com vítima";"425,383";"BR-040/MG";"Decrescente";"Colisão transversal";0;0;0;0;0;0;0;0;0;0;0;0;0;0;0
"07/12/2025";"04:05:00";"8";"Sem vítima";"164,100";"BR-040/MG";"Crescente";"Tombamento";0;0;1;0;0;0;0;0;0;0;0;0;0;0;0
"07/12/2025";"08:25:00";"32";"Com vítima";"445,500";"BR-040/MG";"Decrescente";"Choque";0;0;0;0;0;0;0;0;0;0;0;0;0;0;0
"07/12/2025";"18:43:00";"157";"Com vítima";"532,250";"BR-040/MG";"Crescente";"Colisão lateral no mesmo sentido";0;0;0;0;0;0;0;0;0;0;0;0;0;0;0
"08/12/2025";"06:41:00";"34";"Com vítima";"177,272";"BR-040/MG";"Crescente";"Choque";0;0;0;0;0;0;0;0;0;0;0;0;0;0;0
"08/12/2025";"07:07:00";"42";"Com vítima";"97,700";"BR-040/GO";"Decrescente";"Choque";0;0;1;0;0;0;0;0;0;0;0;1;0;0;0
"08/12/2025";"10:34:00";"95";"Sem vítima";"495,700";"BR-040/MG";"Decrescente";"Colisão traseira";0;0;1;0;0;0;0;0;0;0;1;0;0;0;0
"08/12/2025";"12:53:00";"121";"Com vítima";"334,733";"BR-040/MG";"Crescente";"Choque";0;0;0;0;0;0;0;0;0;0;0;0;0;0;0
"08/12/2025";"15:56:00";"153";"Com vítima";"526,800";"BR-040/MG";"Decrescente";"Colisão lateral no mesmo sentido";1;0;0;1;0;0;0;0;0;0;1;0;1;0;0
"08/12/2025";"17:35:00";"161";"Com vítima";"98,800";"BR-040/GO";"Crescente";"Colisão transversal";0;0;0;0;0;0;0;0;0;0;0;0;0;0;0
"08/12/2025";"17:46:00";"164";"Sem vítima";"230,200";"BR-040/MG";"Crescente";"Choque";0;0;0;0;0;0;0;0;0;0;0;0;0;0;0
"08/12/2025";"19:45:00";"179";"Sem vítima";"510,995";"BR-040/MG";"Crescente";"Choque";0;0;0;0;0;0;0;0;0;0;0;0;0;0;0
"08/12/2025";"23:58:00";"197";"Sem vítima";"244,100";"BR-040/MG";"Crescente";"Colisão traseira";1;0;1;0;0;0;0;0;0;0;0;0;0;0;0
"09/12/2025";"00:00:00";"11";"Sem vítima";"446,491";"BR-040/MG";"Crescente";"Capotamento";0;0;0;0;0;0;0;0;0;0;0;0;0;0;0
"09/12/2025";"00:00:00";"71";"Sem vítima";"457,540";"BR-040/MG";"Decrescente";"Choque";0;0;1;0;0;0;0;0;0;0;1;0;0;0;0
"09/12/2025";"00:00:00";"74";"Sem vítima";"206,460";"BR-040/MG";"Crescente";"Choque";0;0;0;0;0;0;0;0;0;0;0;0;0;0;0
"09/12/2025";"05:25:00";"33";"Sem vítima";"405,350";"BR-040/MG";"Crescente";"Colisão traseira";0;0;0;0;0;0;0;0;0;0;0;0;0;0;0
"09/12/2025";"06:10:00";"34";"Com vítima";"39,854";"BR-040/MG";"Crescente";"Colisão lateral no mesmo sentido";0;0;0;0;0;0;0;0;0;0;0;0;0;0;0
"09/12/2025";"07:42:00";"70";"Com vítima";"525,400";"BR-040/MG";"Crescente";"Colisão traseira";0;0;0;0;0;0;0;0;0;0;0;0;0;0;0
"09/12/2025";"09:38:00";"95";"Sem vítima";"510,600";"BR-040/MG";"Crescente";"Colisão traseira";2;0;0;0;0;0;0;0;0;0;1;0;0;0;0
"09/12/2025";"10:11:00";"111";"Sem vítima";"506,600";"BR-040/MG";"Crescente";"Colisão traseira";0;0;0;0;0;0;0;0;0;0;0;0;0;0;0