data;horario;n_da_ocorrencia;tipo_de_ocorrencia;km;trecho;sentido;tipo_de_acidente;automovel;bicicleta;caminhao;moto;onibus;outros;tracao_animal;transporte_de_cargas_especiais;trator_maquinas;utilitarios;ilesos;levemente_feridos;moderadamente_feridos;gravemente_feridos;mortos
"09/12/2025";"12:14:00";"138";"Sem vítima";"96,120";"BR-040/GO";"Crescente";"Colisão transversal";1;0;0;1;0;0;0;0;0;0;2;0;0;0;0
"09/12/2025";"15:27:00";"159";"Sem vítima";"532,200";"BR-040/MG";"Crescente";"Colisão traseira";0;0;2;0;0;0;0;0;0;0;2;0;0;0;0
"09/12/2025";"17:52:00";"177";"Sem vítima";"518,145";"BR-040/MG";"Decrescente";"Colisão lateral no mesmo sentido";0;0;0;0;0;0;0;0;0;0;0;0;0;0;0
"09/12/2025";"18:30:00";"178";"Sem vítima";"483,311";"BR-040/MG";"Decrescente";"Choque";0;0;0;0;0;0;0;0;0;0;0;0;0;0;0
"09/12/2025";"21:05:00";"193";"Sem vítima";"477,300";"BR-040/MG";"Decrescente";"Tombamento";0;0;0;1;0;0;0;0;0;0;0;0;0;0;0
"09/12/2025";"21:55:00";"196";"Sem vítima";"513,350";"BR-040/MG";"Crescente";"Choque";1;0;0;0;0;0;0;0;0;0;0;0;0;0;0
"09/12/2025";"23:47:00";"207";"Sem vítima";"528,432";"BR-040/MG";"Decrescente";"Choque";0;0;1;0;0;0;0;0;0;0;0;0;0;0;0
"10/12/2025";"00:00:00";"162";"Sem vítima";"471,350";"BR-040/MG";"Decrescente";"Tombamento";0;0;0;1;0;0;0;0;0;0;0;0;0;0;0
"10/12/2025";"01:47:00";"3";"Sem vítima";"511,775";"BR-040/MG";"Crescente";"Colisão traseira";0;0;0;0;0;0;0;0;0;0;0;0;0;0;0
"10/12/2025";"02:15:00";"5";"Com vítima";"480,218";"BR-040/MG";"Crescente";"Tombamento";0;0;0;0;0;0;0;0;0;0;0;0;0;0;0
"10/12/2025";"04:49:00";"11";"Sem vítima";"281,900";"BR-040/MG";"Decrescente";"Atropelamento de animal";0;0;0;0;0;0;0;0;0;0;0;0;0;0;0
"10/12/2025";"08:54:00";"75";"Sem vítima";"324,200";"BR-040/MG";"Crescente";"Colisão lateral no mesmo sentido";0;0;0;0;0;0;0;0;0;0;0;0;0;0;0
"10/12/2025";"12:55:00";"123";"Sem vítima";"43,500";"BR-040/MG";"Crescente";"Colisão transversal";0;0;0;0;0;0;0;0;0;0;0;0;0;0;0
"10/12/2025";"16:43:00";"153";"Com vítima";"517,835";"BR-040/MG";"Decrescente";"Colisão transversal";0;0;0;0;0;0;0;0;0;0;0;0;0;0;0
"10/12/2025";"17:30:00";"157";"Sem vítima";"521,200";"BR-040/MG";"Crescente";"Colisão traseira";1;0;1;0;0;0;0;0;0;0;0;0;0;0;0
"11/12/2025";"00:00:00";"1";"Sem vítima";"526,000";"BR-040/MG";"Decrescente";"Colisão traseira";2;0;0;0;0;0;0;0;0;0;0;0;0;0;0
"11/12/2025";"00:00:00";"13";"Com vítima";"332,500";"BR-040/MG";"Crescente";"Tombamento";0;0;0;0;0;0;0;0;0;0;0;0;0;0;0
"11/12/2025";"01:41:00";"9";"Com vítima";"86,540";"BR-040/MG";"Decrescente";"Colisão lateral no mesmo sentido";0;0;0;0;0;0;0;0;0;0;0;0;0;0;0
"11/12/2025";"10:53:00";"106";"Sem vítima";"287,287";"BR-040/MG";"Decrescente";"Engavetamento";0;0;0;0;0;0;0;0;0;0;0;0;0;0;0
"11/12/2025";"11:15:00";"116";"Com vítima";"456,100";"BR-040/MG";"Crescente";"Colisão traseira";0;0;0;0;0;0;0;0;0;0;0;0;0;0;0
"11/12/2025";"11:15:00";"119";"Sem vítima";"456,100";"BR-040/MG";"Decrescente";"Choque";0;0;0;0;0;0;0;0;0;0;0;0;0;0;0
"11/12/2025";"15:58:00";"153";"Sem vítima";"462,550";"BR-040/MG";"Crescente";"Choque";1;0;0;0;0;0;0;0;0;0;1;0;0;0;0
"11/12/2025";"17:55:00";"168";"Com vítima";"521,000";"BR-040/MG";"Decrescente";"Tombamento";0;0;0;1;0;0;0;0;0;0;0;0;1;0;0
"11/12/2025";"19:49:00";"187";"Sem vítima";"484,200";"BR-040/MG";"Decrescente";"Colisão lateral no mesmo sentido";1;0;1;0;0;0;0;0;0;0;0;0;0;0;0
"12/12/2025";"00:00:00";"6";"Sem vítima";"527,300";"BR-040/MG";"Decrescente";"Choque";0;0;0;0;0;0;0;0;0;0;0;0;0;0;0
"12/12/2025";"00:00:00";"109";"Com vítima";"531,184";"BR-040/MG";"Crescente";"Colisão lateral no mesmo sentido";0;0;0;2;0;0;0;0;0;0;1;0;1;0;0
"12/12/2025";"08:15:00";"81";"Com vítima";"43,384";"BR-040/MG";"Decrescente";"Colisão transversal";1;0;0;1;0;0;0;0;0;0;0;1;0;0;0
"12/12/2025";"16:19:00";"174";"Com vítima";"513,599";"BR-040/MG";"Decrescente";"Colisão traseira";1;0;0;1;0;0;0;0;0;0;1;0;1;0;0
"12/12/2025";"16:21:00";"177";"Sem vítima";"274,062";"BR-040/MG";"Crescente";"Colisão lateral no mesmo sentido";0;0;0;0;0;0;0;0;0;0;0;0;0;0;0
"12/12/2025";"18:58:00";"199";"Com vítima";"485,148";"BR-040/MG";"Decrescente";"Tombamento";0;0;0;0;0;0;0;0;0;0;0;0;0;0;0
"12/12/2025";"19:29:00";"202";"Com vítima";"524,010";"BR-040/MG";"Crescente";"Atropelamento de pedestre";0;0;0;0;0;0;0;0;0;0;0;0;0;0;0
"12/12/2025";"20:31:00";"200";"Sem vítima";"43,010";"BR-040/MG";"Decrescente";"Colisão lateral no mesmo sentido";0;0;0;0;0;0;0;0;0;0;0;0;0;0;0
"12/12/2025";"22:32:00";"216";"Com vítima";"519,587";"BR-040/MG";"Decrescente";"Colisão traseira";0;0;0;0;0;0;0;0;0;0;0;0;0;0;0
"13/12/2025";"00:00:00";"148";"Sem vítima";"490,500";"BR-040/MG";"Crescente";"Choque";0;0;0;0;0;0;0;0;0;0;0;0;0;0;0
"13/12/2025";"00:00:00";"181";"Com vítima";"8,305";"BR-040/MG";"Crescente";"Choque";0;0;0;0;0;0;0;0;0;0;0;0;0;0;0
"13/12/2025";"02:00:00";"30";"Sem vítima";"464,000";"BR-040/MG";"Decrescente";"Choque";0;0;0;0;0;0;0;0;0;0;0;0;0;0;0
"13/12/2025";"03:09:00";"10";"Sem vítima";"468,600";"BR-040/MG";"Decrescente";"Capotamento";0;0;0;0;0;0;0;0;0;0;0;0;0;0;0
"13/12/2025";"03:22:00";"12";"Com vítima";"300,100";"BR-040/MG";"Crescente";"Tombamento";0;0;1;0;0;0;0;0;0;0;0;1;0;0;0
"13/12/2025";"09:29:00";"68";"Com vítima";"121,500";"BR-040/GO";"Crescente";"Capotamento";1;0;0;0;0;0;0;0;0;0;0;1;2;0;0
"13/12/2025";"20:00:00";"176";"Sem vítima";"451,809";"BR-040/MG";"Crescente";"Atropelamento de pedestre";1;0;0;0;0;0;0;0;0;0;0;0;0;0;0
"14/12/2025";"08:09:00";"24";"Sem vítima";"91,100";"BR-040/MG";"Crescente";"Colisão traseira";0;0;2;0;0;0;0;0;0;0;2;0;0;0;0
"14/12/2025";"14:05:00";"93";"Com vítima";"134,100";"BR-040/MG";"Decrescente";"Colisão transversal";0;0;0;0;0;0;0;0;0;0;0;0;0;0;0
"14/12/2025";"14:08:00";"95";"Sem vítima";"207,900";"BR-040/MG";"Decrescente";"Capotamento";0;0;0;0;0;0;0;0;0;0;0;0;0;0;0
"14/12/2025";"15:36:00";"106";"Com vítima";"509,422";"BR-040/MG";"Decrescente";"Colisão traseira";0;0;0;0;0;0;0;0;0;0;0;0;0;0;0
"14/12/2025";"16:33:00";"117";"Sem vítima";"210,500";"BR-040/MG";"Decrescente";"Colisão traseira";2;0;0;0;0;0;0;0;0;0;2;0;0;0;0
"14/12/2025";"16:37:00";"120";"Sem vítima";"469,200";"BR-040/MG";"Decrescente";"Choque";0;0;0;0;0;0;0;0;0;0;0;0;0;0;0
"14/12/2025";"18:32:00";"139";"Sem vítima";"471,000";"BR-040/MG";"Decrescente";"Choque";1;0;0;0;0;0;0;0;0;0;0;0;0;0;0
"14/12/2025";"19:05:00";"145";"Sem vítima";"527,800";"BR-040/MG";"Decrescente";"Tombamento";0;0;0;0;0;0;0;0;0;0;0;0;0;0;0
"14/12/2025";"19:51:00";"152";"Sem vítima";"209,010";"BR-040/MG";"Decrescente";"Acidentes de outra natureza";0;0;1;0;0;0;0;0;0;0;0;0;0;0;0
"14/12/2025";"22:27:00";"167";"Sem vítima";"514,000";"BR-040/MG";"Crescente";"Choque";0;0;0;0;0;0;0;0;0;0;0;0;0;0;0
"14/12/2025";"22:37:00";"168";"Sem vítima";"517,500";"BR-040/MG";"Decrescente";"Atropelamento de animal";0;0;0;0;0;0;0;0;0;0;0;0;0;0;0
"15/12/2025";"00:00:00";"5";"Sem vítima";"435,900";"BR-040/MG";"Decrescente";"Choque";1;0;0;0;0;0;0;0;0;0;0;0;0;0;0
"15/12/2025";"08:16:00";"64";"Com vítima";"522,500";"BR-040/MG";"Crescente";"Colisão lateral no mesmo sentido";0;0;0;0;0;0;0;0;0;0;0;0;0;0;0
"15/12/2025";"12:29:00";"142";"Sem vítima";"508,666";"BR-040/MG";"Decrescente";"Colisão lateral no mesmo sentido";0;0;0;0;0;0;0;0;0;0;0;0;0;0;0
"15/12/2025";"16:45:00";"176";"Com vítima";"503,100";"BR-040/MG";"Decrescente";"Colisão traseira";0;0;0;0;0;0;0;0;0;0;0;0;0;0;0
"15/12/2025";"18:25:00";"186";"Com vítima";"144,100";"BR-040/MG";"Crescente";"Colisão lateral no mesmo sentido";0;0;0;0;0;0;0;0;0;0;0;0;0;0;0
"15/12/2025";"22:29:00";"217";"Com vítima";"463,800";"BR-040/MG";"Decrescente";"Colisão traseira";0;0;0;0;0;0;0;0;0;0;0;0;0;0;0
"16/12/2025";"07:02:00";"39";"Sem vítima";"455,300";"BR-040/MG";"Decrescente";"Choque";0;0;0;0;0;0;0;0;0;0;0;0;0;0;0
"16/12/2025";"15:57:00";"160";"Com vítima";"425,200";"BR-040/MG";"Decrescente";"Choque";0;0;0;0;0;0;0;0;0;0;0;0;0;0;0
"17/12/2025";"00:00:00";"47";"Sem vítima";"380,465";"BR-040/MG";"Decrescente";"Tombamento";0;0;1;0;0;0;0;0;0;0;1;0;0;0;0
"17/12/2025";"00:00:00";"200";"Sem vítima";"456,800";"BR-040/MG";"Crescente";"Colisão traseira";0;0;0;0;0;0;0;0;0;0;0;0;0;0;0
"17/12/2025";"04:10:00";"13";"Sem vítima";"517,460";"BR-040/MG";"Crescente";"Colisão traseira";0;0;0;0;0;0;0;0;0;0;0;0;0;0;0
"17/12/2025";"04:48:00";"16";"Com vítima";"520,864";"BR-040/MG";"Crescente";"Atropelamento de pedestre";0;0;0;0;0;0;0;0;0;0;0;0;1;0;0
"17/12/2025";"07:45:00";"65";"Com vítima";"521,800";"BR-040/MG";"Crescente";"Colisão traseira";0;0;0;0;0;0;0;0;0;0;0;0;0;0;0
"17/12/2025";"07:56:00";"68";"Com vítima";"507,900";"BR-040/MG";"Crescente";"Acidentes de outra natureza";0;0;0;0;0;0;0;0;0;0;0;0;0;0;0
"17/12/2025";"08:33:00";"82";"Sem vítima";"388,200";"BR-040/MG";"Decrescente";"Choque";0;0;1;0;0;0;0;0;0;0;0;0;0;0;0
"17/12/2025";"10:25:00";"129";"Com vítima";"513,070";"BR-040/MG";"Crescente";"Colisão traseira";0;0;1;1;0;0;0;0;0;0;1;0;0;1;0
"17/12/2025";"14:02:00";"162";"Com vítima";"526,900";"BR-040/MG";"Decrescente";"Colisão lateral no mesmo sentido";1;0;0;0;0;0;0;1;0;0;1;1;0;0;0
"17/12/2025";"14:38:00";"170";"Sem vítima";"514,800";"BR-040/MG";"Decrescente";"Choque";0;0;0;0;0;0;0;0;0;0;0;0;0;0;0
"17/12/2025";"15:48:00";"183";"Com vítima";"36,311";"BR-040/MG";"Crescente";"Colisão traseira";0;0;1;0;0;0;0;1;0;0;2;0;0;1;0
"17/12/2025";"16:58:00";"193";"Sem vítima";"126,300";"BR-040/GO";"Crescente";"Choque";0;0;0;0;0;0;0;0;0;0;0;0;0;0;0
"17/12/2025";"17:00:00";"197";"Sem vítima";"455,500";"BR-040/MG";"Decrescente";"Choque";0;0;1;0;0;0;0;0;0;0;1;0;0;0;0
"18/12/2025";"00:00:00";"9";"Sem vítima";"520,966";"BR-040/MG";"Decrescente";"Atropelamento de animal";0;0;0;0;0;0;0;0;0;0;0;0;0;0;0
"18/12/2025";"04:26:00";"13";"Com vítima";"504,463";"BR-040/MG";"Decrescente";"Capotamento";0;0;0;0;0;0;0;0;0;0;0;0;0;0;0
"18/12/2025";"20:22:00";"201";"Com vítima";"360,500";"BR-040/MG";"Decrescente";"Colisão transversal";0;0;0;0;0;0;0;0;0;0;0;0;0;0;0
"19/12/2025";"03:18:00";"12";"Com vítima";"0,800";"BR-040/MG";"Crescente";"Colisão lateral no mesmo sentido";2;0;0;0;0;0;0;0;0;0;14;1;0;0;0
"19/12/2025";"07:43:00";"62";"Com vítima";"43,300";"BR-040/MG";"Decrescente";"Colisão frontal";0;0;0;0;0;0;0;0;0;0;0;0;0;0;0
"19/12/2025";"13:22:00";"141";"Com vítima";"531,010";"BR-040/MG";"Crescente";"Colisão traseira";0;0;1;1;0;0;0;0;0;0;0;0;1;0;0
"19/12/2025";"15:02:00";"161";"Com vítima";"499,600";"BR-040/MG";"Decrescente";"Colisão traseira";1;0;0;0;0;0;0;0;0;0;1;2;1;0;0
"19/12/2025";"20:31:00";"216";"Sem vítima";"521,900";"BR-040/MG";"Decrescente";"Colisão lateral no mesmo sentido";0;0;0;0;0;0;0;0;0;0;0;0;0;0;0
"19/12/2025";"20:47:00";"217";"Com vítima";"81,550";"BR-040/MG";"Decrescente";"Colisão frontal";2;0;1;0;0;0;0;0;0;0;0;2;0;0;1
"19/12/2025";"22:19:00";"227";"Com vítima";"514,300";"BR-040/MG";"Decrescente";"Colisão lateral no mesmo sentido";0;0;0;0;0;0;0;0;0;0;0;0;0;0;0
"19/12/2025";"22:29:00";"229";"Sem vítima";"523,300";"BR-040/MG";"Decrescente";"Engavetamento";0;0;0;0;0;0;0;0;0;0;0;0;0;0;0
"19/12/2025";"22:49:00";"231";"Com vítima";"496,625";"BR-040/MG";"Crescente";"Colisão traseira";0;0;1;1;0;0;0;0;0;0;0;0;0;1;0
"20/12/2025";"00:00:00";"73";"Sem vítima";"463,500";"BR-040/MG";"Decrescente";"Colisão traseira";0;0;0;0;0;0;0;0;0;0;0;0;0;0;0
"20/12/2025";"00:00:00";"121";"Sem vítima";"496,600";"BR-040/MG";"Crescente";"Colisão lateral no mesmo sentido";0;0;0;0;0;0;0;0;0;0;0;0;0;0;0
"20/12/2025";"13:01:00";"122";"Sem vítima";"487,350";"BR-040/MG";"Decrescente";"Colisão traseira";1;0;1;0;0;0;0;0;0;0;0;0;0;0;0
"20/12/2025";"15:35:00";"141";"Sem vítima";"459,500";"BR-040/MG";"Crescente";"Colisão traseira";0;0;0;0;0;0;0;0;0;0;0;0;0;0;0
"20/12/2025";"16:46:00";"161";"Sem vítima";"515,200";"BR-040/MG";"Decrescente";"Choque";0;0;0;0;0;0;0;0;0;0;0;0;0;0;0
"20/12/2025";"19:00:00";"179";"Sem vítima";"514,100";"BR-040/MG";"Crescente";"Colisão traseira";2;0;0;0;0;0;0;0;0;0;0;0;0;0;0
"20/12/2025";"20:41:00";"196";"Sem vítima";"525,500";"BR-040/MG";"Decrescente";"Colisão traseira";0;0;0;0;0;0;0;0;0;0;0;0;0;0;0
"20/12/2025";"21:02:00";"202";"Com vítima";"456,807";"BR-040/MG";"Crescente";"Choque";1;0;0;0;0;0;0;0;0;0;0;0;1;0;1
"21/12/2025";"00:00:00";"2";"Com vítima";"43,115";"BR-040/MG";"Decrescente";"Colisão lateral no mesmo sentido";0;0;0;0;0;0;0;0;0;0;0;0;0;0;0
"21/12/2025";"00:00:00";"26";"Com vítima";"143,580";"BR-040/MG";"Crescente";"Colisão traseira";0;0;0;0;0;0;0;0;0;0;0;0;0;0;0
"21/12/2025";"00:00:00";"134";"Sem vítima";"109,970";"BR-040/MG";"Crescente";"Capotamento";0;0;0;0;0;0;0;0;0;0;0;0;0;0;0
"21/12/2025";"04:32:00";"17";"Com vítima";"95,150";"BR-040/MG";"Decrescente";"Capotamento";0;0;0;0;0;0;0;0;0;0;0;0;0;0;0
"21/12/2025";"05:00:00";"22";"Sem vítima";"43,300";"BR-040/MG";"Crescente";"Colisão lateral no mesmo sentido";0;0;0;0;0;0;0;0;0;0;0;0;0;0;0
"21/12/2025";"19:59:00";"158";"Sem vítima";"285,685";"BR-040/MG";"Crescente";"Colisão lateral no mesmo sentido";1;0;1;0;0;0;0;0;0;0;1;0;0;0;0
"21/12/2025";"22:00:00";"173";"Com vítima";"502,712";"BR-040/MG";"Crescente";"Capotamento";0;0;0;0;0;0;0;0;0;0;0;0;0;0;0
"22/12/2025";"00:00:00";"172";"Com vítima";"445,300";"BR-040/MG";"Crescente";"Atropelamento de animal";1;0;1;0;0;0;0;1;0;0;0;1;1;0;0
"22/12/2025";"12:04:00";"91";"Com vítima";"43,200";"BR-040/MG";"Decrescente";"Tombamento";0;0;0;0;0;0;0;0;0;0;0;0;0;0;0
"22/12/2025";"16:33:00";"125";"Sem vítima";"519,400";"BR-040/MG";"Decrescente";"Colisão transversal";0;0;0;0;0;0;0;0;0;0;0;0;0;0;0
"22/12/2025";"22:07:00";"167";"Sem vítima";"356,150";"BR-040/MG";"Decrescente";"Atropelamento de animal";0;0;0;0;0;0;0;0;0;0;0;0;0;0;0
"23/12/2025";"00:00:00";"134";"Com vítima";"524,544";"BR-040/MG";"Decrescente";"Engavetamento";0;0;0;0;0;0;0;0;0;0;0;0;0;0;0
"23/12/2025";"00:00:00";"181";"Sem vítima";"441,200";"BR-040/MG";"Decrescente";"Colisão transversal";0;0;0;0;0;0;0;0;0;0;0;0;0;0;0
"23/12/2025";"07:17:00";"42";"Com vítima";"533,100";"BR-040/MG";"Crescente";"Colisão traseira";0;0;0;0;0;0;0;0;0;0;0;0;0;0;0
"23/12/2025";"08:12:00";"54";"Com vítima";"531,200";"BR-040/MG";"Crescente";"Colisão lateral no mesmo sentido";0;0;0;1;1;0;0;0;0;0;1;1;0;0;0
"23/12/2025";"08:37:00";"61";"Com vítima";"103,980";"BR-040/MG";"Crescente";"Choque";0;0;0;0;0;0;0;0;0;0;0;0;0;0;0
"23/12/2025";"18:30:00";"150";"Sem vítima";"42,588";"BR-040/MG";"Crescente";"Colisão transversal";0;0;0;0;0;0;0;0;0;0;0;0;0;0;0
"23/12/2025";"19:41:00";"163";"Sem vítima";"512,800";"BR-040/MG";"Decrescente";"Engavetamento";3;0;0;0;0;0;0;0;0;0;0;0;0;0;0
"23/12/2025";"20:04:00";"168";"Sem vítima";"513,650";"BR-040/MG";"Decrescente";"Colisão traseira";0;0;0;0;0;0;0;0;0;0;0;0;0;0;0
"23/12/2025";"21:29:00";"186";"Com vítima";"359,500";"BR-040/MG";"Crescente";"Colisão frontal";0;0;0;0;0;0;0;0;0;0;0;0;0;0;0
"24/12/2025";"00:00:00";"121";"Sem vítima";"462,800";"BR-040/MG";"Decrescente";"Colisão traseira";2;0;0;0;0;0;0;0;0;0;2;0;0;0;0
"24/12/2025";"00:00:00";"137";"Com vítima";"448,300";"BR-040/MG";"Crescente";"Choque";0;0;0;0;0;0;0;0;0;0;0;0;0;0;0
"24/12/2025";"00:00:00";"175";"Sem vítima";"332,600";"BR-040/MG";"Crescente";"Capotamento";0;0;0;0;0;0;0;0;0;0;0;0;0;0;0
"24/12/2025";"08:27:00";"80";"Sem vítima";"364,100";"BR-040/MG";"Crescente";"Atropelamento de animal";0;0;0;0;0;0;0;0;0;0;0;0;0;0;0
"24/12/2025";"11:10:00";"116";"Sem vítima";"512,900";"BR-040/MG";"Decrescente";"Engavetamento";3;0;0;0;0;0;0;0;0;0;3;0;0;0;0
"24/12/2025";"16:10:00";"168";"Sem vítima";"496,400";"BR-040/MG";"Crescente";"Choque";0;0;0;0;0;0;0;0;0;0;0;0;0;0;0
"24/12/2025";"16:32:00";"171";"Com vítima";"423,900";"BR-040/MG";"Decrescente";"Colisão lateral no mesmo sentido";0;0;0;0;0;0;0;0;0;0;0;0;0;0;0
"24/12/2025";"23:13:00";"221";"Sem vítima";"479,607";"BR-040/MG";"Decrescente";"Choque";1;0;0;0;0;0;0;0;0;0;2;0;0;0;0
"25/12/2025";"00:00:00";"26";"Com vítima";"31,200";"BR-040/MG";"Decrescente";"Capotamento";0;0;0;0;0;0;0;0;0;0;0;0;0;0;0
"25/12/2025";"00:58:00";"5";"Com vítima";"462,477";"BR-040/MG";"Decrescente";"Tombamento";0;0;0;1;0;0;0;0;0;0;0;1;0;0;0
"25/12/2025";"04:29:00";"14";"Sem vítima";"529,500";"BR-040/MG";"Crescente";"Choque";2;0;0;0;0;0;0;0;0;0;1;0;0;0;0
"25/12/2025";"08:00:00";"34";"Sem vítima";"502,050";"BR-040/MG";"Crescente";"Colisão lateral no mesmo sentido";1;0;1;0;0;0;0;0;0;0;2;0;0;0;0
"25/12/2025";"18:00:00";"140";"Sem vítima";"510,500";"BR-040/MG";"Crescente";"Colisão lateral no mesmo sentido";0;0;0;0;0;0;0;0;0;0;0;0;0;0;0
"25/12/2025";"20:34:00";"156";"Com vítima";"96,150";"BR-040/GO";"Crescente";"Colisão transversal";1;0;0;1;0;0;0;0;0;0;1;0;1;0;0
"25/12/2025";"21:25:00";"159";"Com vítima";"423,540";"BR-040/MG";"Decrescente";"Colisão frontal";0;0;0;0;0;0;0;0;0;0;0;0;0;0;0
"26/12/2025";"04:08:00";"9";"Com vítima";"98,879";"BR-040/GO";"Decrescente";"Colisão traseira";0;0;0;0;0;0;0;0;0;0;0;0;0;0;0
"26/12/2025";"06:23:00";"17";"Sem vítima";"110,391";"BR-040/MG";"Crescente";"Colisão traseira";2;0;0;0;0;0;0;0;0;0;2;0;0;0;0
"26/12/2025";"09:51:00";"39";"Com vítima";"349,010";"BR-040/MG";"Decrescente";"Choque";1;0;0;0;0;0;0;0;0;0;0;1;0;0;0
"26/12/2025";"15:20:00";"86";"Com vítima";"517,409";"BR-040/MG";"Decrescente";"Colisão lateral no mesmo sentido";0;0;0;0;0;0;0;0;0;0;0;0;0;0;0
"26/12/2025";"19:50:00";"112";"Com vítima";"284,300";"BR-040/MG";"Crescente";"Choque";0;0;0;0;0;0;0;0;0;0;0;0;0;0;0
"26/12/2025";"22:38:00";"129";"Com vítima";"506,600";"BR-040/MG";"Crescente";"Colisão traseira";0;0;0;0;0;0;0;0;0;0;0;0;0;0;0
"27/12/2025";"08:31:00";"45";"Com vítima";"482,500";"BR-040/MG";"Decrescente";"Capotamento";0;0;0;0;0;0;0;0;0;0;0;0;0;0;0
"27/12/2025";"08:38:00";"31";"Sem vítima";"36,108";"BR-040/MG";"Decrescente";"Colisão transversal";0;0;0;0;0;0;0;0;0;0;0;0;0;0;0
"27/12/2025";"08:52:00";"46";"Com vítima";"522,450";"BR-040/MG";"Decrescente";"Tombamento";0;0;0;0;0;0;0;0;0;0;0;0;0;0;0
"27/12/2025";"10:29:00";"63";"Com vítima";"513,400";"BR-040/MG";"Decrescente";"Engavetamento";0;0;0;0;0;0;0;0;0;0;0;0;0;0;0
"27/12/2025";"11:41:00";"61";"Com vítima";"303,600";"BR-040/MG";"Decrescente";"Choque";0;0;0;0;0;0;0;0;0;0;0;0;0;0;0
"27/12/2025";"12:23:00";"81";"Sem vítima";"224,100";"BR-040/MG";"Decrescente";"Colisão traseira";0;0;0;0;0;0;0;0;0;0;0;0;0;0;0
"27/12/2025";"15:38:00";"108";"Sem vítima";"517,450";"BR-040/MG";"Crescente";"Colisão transversal";0;0;0;0;0;0;0;0;0;0;0;0;0;0;0
"27/12/2025";"20:05:00";"142";"Com vítima";"400,250";"BR-040/MG";"Decrescente";"Choque";0;0;0;0;0;0;0;0;0;0;0;0;0;0;0
"27/12/2025";"21:51:00";"156";"Sem vítima";"529,900";"BR-040/MG";"Decrescente";"Colisão traseira";0;0;0;0;0;0;0;0;0;0;0;0;0;0;0
"28/12/2025";"00:11:00";"2";"Sem vítima";"517,344";"BR-040/MG";"Decrescente";"Atropelamento de animal";0;0;0;0;0;0;0;0;0;0;0;0;0;0;0
"28/12/2025";"04:51:00";"15";"Com vítima";"15,372";"BR-040/MG";"Crescente";"Colisão frontal";0;0;0;0;0;0;0;0;0;0;0;0;0;0;0
"28/12/2025";"07:13:00";"32";"Com vítima";"523,500";"BR-040/MG";"Crescente";"Tombamento";0;0;0;0;0;0;0;0;0;0;0;0;0;0;0
"28/12/2025";"12:34:00";"100";"Com vítima";"510,400";"BR-040/MG";"Crescente";"Tombamento";0;0;0;0;0;0;0;0;0;0;0;0;0;0;0
"28/12/2025";"21:27:00";"197";"Com vítima";"448,967";"BR-040/MG";"Crescente";"Colisão traseira";0;0;0;0;0;0;0;0;0;0;0;0;0;0;0
"29/12/2025";"00:00:00";"16";"Com vítima";"499,738";"BR-040/MG";"Crescente";"Choque";0;0;0;0;0;0;0;0;0;0;0;0;0;0;0
"29/12/2025";"01:40:00";"12";"Sem vítima";"244,950";"BR-040/MG";"Decrescente";"Choque";0;0;0;0;0;0;0;0;0;0;0;0;0;0;0
"29/12/2025";"03:47:00";"18";"Sem vítima";"0,380";"BR-040/MG";"Crescente";"Tombamento";0;0;0;0;0;0;0;0;0;0;0;0;0;0;0
"29/12/2025";"16:17:00";"172";"Com vítima";"454,500";"BR-040/MG";"Crescente";"Choque";0;0;0;0;0;0;0;0;0;0;0;0;0;0;0
"29/12/2025";"16:25:00";"173";"Sem vítima";"460,200";"BR-040/MG";"Crescente";"Choque";0;0;0;0;0;0;0;0;0;0;0;0;0;0;0
"29/12/2025";"20:49:00";"197";"Sem vítima";"327,100";"BR-040/MG";"Crescente";"Colisão traseira";0;0;0;0;0;0;0;0;0;0;0;0;0;0;0
"29/12/2025";"21:30:00";"202";"Com vítima";"450,800";"BR-040/MG";"Decrescente";"Atropelamento de pedestre";0;0;0;0;0;0;0;0;0;0;0;0;0;1;0
"30/12/2025";"14:35:00";"125";"Sem vítima";"498,800";"BR-040/MG";"Decrescente";"Colisão traseira";0;0;0;0;0;0;0;0;0;0;0;0;0;0;0
"31/12/2025";"00:38:00";"3";"Sem vítima";"530,250";"BR-040/MG";"Decrescente";"Tombamento";0;0;0;1;0;0;0;0;0;0;1;0;0;0;0
"31/12/2025";"01:27:00";"6";"Com vítima";"360,010";"BR-040/MG";"Decrescente";"Choque";0;0;0;1;0;0;0;0;0;0;0;1;0;0;0
"31/12/2025";"02:04:00";"7";"Com vítima";"124,600";"BR-040/GO";"Decrescente";"Colisão frontal";1;0;1;0;0;0;0;0;0;0;0;0;1;0;4
"31/12/2025";"05:26:00";"14";"Sem vítima";"527,220";"BR-040/MG";"Decrescente";"Choque";1;0;0;0;0;0;0;0;0;0;0;0;0;0;0
"31/12/2025";"21:12:00";"151";"Sem vítima";"8,408";"BR-040/MG";"Crescente";"Choque";2;0;0;0;0;0;0;0;0;0;0;0;0;0;0